,id,text,number_of_retweets,number_of_favorites,date,user_id,user_screen_name
0,1512902688589193219,I hate when I get in my lil depression moods,0,0,2022-04-09 21:18:03+00:00,884906524468006912,prettyshawd
1,1512902668934860800,"I‚Äôm a mix of depression, trust issues, loss of hope, loss of passion and pessimism.",0,0,2022-04-09 21:17:59+00:00,1161567348907761664,depressedpotat
2,1512902626052087817,"Time for sleep if covid and depression let me or will you haunt my dreams too, ,",0,0,2022-04-09 21:17:49+00:00,1320389044984053760,richardamonk1
3,1512902616983945218,feeling some spicy depression coming on hehehe,0,0,2022-04-09 21:17:46+00:00,1418322059759865856,error404_irl
4,1512902611434889218,"@Levi_godman Or close, depression going on acceptance",0,0,2022-04-09 21:17:45+00:00,129392637,John_Kenney
5,1512902603557912576,"sometimes it's not depression, it's untreated  malaria that's got you weak",0,0,2022-04-09 21:17:43+00:00,2922589696,yazzxv
6,1512902599305043974,having severe post concert depression,0,0,2022-04-09 21:17:42+00:00,1187575118656163843,milfsoobin
7,1512902523602063369,@sbeezer See a medical doctor and describe your symptoms and have them run tests including blood work and check your thyroid.   It sound like depression.  Seek help.  üôè,0,0,2022-04-09 21:17:24+00:00,1467627340033249281,Rusihans12
8,1512902513904828416,"when mani was literally transparent as fck in a magazine article about struggles with depression and therapy that year and yall flat-out said she should just get over it and ""work through it"" like yall btches actually suck.",0,0,2022-04-09 21:17:22+00:00,3386677456,hyphenkordei
9,1512902467461255179,"Forex Trading is not a guarantee that you would end up being rich.

Forex almost got me into depression, by swallowing all my money.

Join Me as I show you how Forex made me go bankrupt and how you can avoid this as a Forex trader.
 https://t.co/Lnqvr7BWID",0,0,2022-04-09 21:17:11+00:00,938210542598131712,Moses_Omoyele
10,1512902440466714637,"@GhanaboyPharmd WTF is wrong with these people? Here is the part I am having a real problem with, since when is it ok to treat depression but not pain with opioids? In what world? https://t.co/ug6Zw7JAZt",0,0,2022-04-09 21:17:04+00:00,825920335367249924,keesaroo
11,1512902417628729347,@H4NDS_R Math and depression go hand in hand,1,1,2022-04-09 21:16:59+00:00,823330860611072001,ISleeepster
12,1512902369071312897,"@asmrDarling @GibiOfficial 
@MissSykeology 
@ShiverMeTingles 
@asmrDarling 
@FrivviFox 
@asmrglow_ 
@ScottishMurmurs 
@lunarexxasmr 
@AmyKayAsmr 
@AsmrTreasury 

Thank you all for your help with anxiety, depression and helping me to sleep #ASMR",0,0,2022-04-09 21:16:47+00:00,1408127489650593799,ASMRPunk2427
13,1512902346006839310,"In bed ALL day. A LOT tired, a bit sad. Depression has his grip. https://t.co/9eG2yuugn7",0,0,2022-04-09 21:16:42+00:00,1285828163256438785,rojas_saskia
14,1512902326952271872,i have depression my guy,0,0,2022-04-09 21:16:37+00:00,1027171723517382656,jackdawbot
15,1512902317946949632,"I will still get commission work done (I have to pay bills after all), I will still stream, but I might take things a little easier.... I want to rest up as much as possible before my birthday subathon as well. It could just be burnout or depression.",0,1,2022-04-09 21:16:35+00:00,1467552364857073677,pankofox
16,1512902311374475264,"@cardbrobot @Thundersaurus1 ""Harsher"" messaging will only serve to further terrify the ignorant into short-term, broadly impractical action, as we see with so many young activists.

So no, I do not support the graceless environmental messaging that is often used. It causes anxiety, depression, and nihilism.",0,0,2022-04-09 21:16:34+00:00,1340303028272975872,PalaeoloxodonA
17,1512902280474935299,Listening to Louisa Wall‚Äôs Q&amp;A interview confirm where the bully culture in govt depart workplaces start from-NZ Parliament. And that attitude is a precursor for depression that lead to suicidal. Are they law makers or murderers?,0,0,2022-04-09 21:16:26+00:00,1487582345834090497,SauniSeleni
18,1512902253803307008,"@AWorldOutOfMind @ArizonaCrusader Same, I just stopped five weeks ago. No addiction. I enjoyed it. Wife thought it amplified my anxiety and depression, but those are about the same levels now as before.  But I‚Äôm glad to be done with alcohol and cigarettes.",0,0,2022-04-09 21:16:20+00:00,2790827095,itsgorain
19,1512902240712986631,"This is circulating around the world and all the overseas are monitoring and analyzing this great situation of depression. 
All those  who are involved in this conspiracy will have no place to hide their faces and will be confronted by the Pakistanis around the world.",1,1,2022-04-09 21:16:17+00:00,2777050400,Zara346Zara
20,1512902213240336398,"Omo! Depression is real o, the kind of conversation have had today sha, God please have mercy üôè",1,2,2022-04-09 21:16:10+00:00,743376354104778753,alakeoflagos
21,1512902183620128771,"I am armed with a local tattoo shop gift card, depression and the overwhelming need to feel something again",0,0,2022-04-09 21:16:03+00:00,339789855,whoaa_its_bree
22,1512902177530032134,In the middle of your depression someone think you're ignoring .,0,0,2022-04-09 21:16:02+00:00,1166295474002956288,alzahrabd_
23,1512902174388498434,@sbeezer It could be depression. It could also be hormonal.  Perimenopausal symptoms are also something to look into. Whatever it happens to be. I hope you start to feel better soon. Hang in there. üíñüòç,0,0,2022-04-09 21:16:01+00:00,1334645534519332865,SoYazzy1111
24,1512902163835543554,louis doing this pose cured my depression bye https://t.co/xy74PhdR5a,0,0,2022-04-09 21:15:58+00:00,909406885,alwaysghits_
25,1512902112287502337,Depression is a real thing and if your the cause of someone‚Äôs depression your a horrible person that shit can really mess someone up üíØ,0,0,2022-04-09 21:15:46+00:00,1457130672431112198,BeautifulCrrazy
26,1512902074878480385,@Iamdepr47974144 Did something happen to make you start feeling this way? #mentalhealth #depression,0,0,2022-04-09 21:15:37+00:00,1160029078583463936,Imheret45140132
27,1512902072848502802,"Anything 6 yrs ago I was going to heavy depression lol
Wasn't me",0,0,2022-04-09 21:15:37+00:00,1199695449638232064,Tatum97Mac
28,1512902053378596868,"@LIVEpositivity Positive affirmations, meditation and prayer. Definitely helped me deal with my depression and anxiety.",0,0,2022-04-09 21:15:32+00:00,1419811739647070210,SpaceCowboy8894
29,1512902029777125376,"@sbeezer Get to your doctor right away. It might be clinical depression but there could also be a medical cause. Are you getting enough exercise, sunshine, eating right? Are you sleeping at night? Please, don't wait.",0,0,2022-04-09 21:15:26+00:00,2816513892,Racinggrrl
30,1512902019060846592,"Through all these months of painting and planning an etsy (thanks off and on depression for making it take so long) I just today came up with the idea to paint abstract true abstract peices 

Atleast I finally got the idea cause everyone loves abstract art üòÇ",0,0,2022-04-09 21:15:24+00:00,1267979698858057728,averagejai96
31,1512902012656041984,"Hello, I am a homeless autistic trans woman. I need help to keep shelter,food, transportation and my medications. I have asthma, ADHD , bipolar disorder and anxiety/depression.
Ca$h app:$TheRealPrincessZela
Venmo: @ Zela-Johnson
#autism
#TransWomenAreWomen 
#MutualAid 
#help https://t.co/Pc6djXKGfs",0,0,2022-04-09 21:15:22+00:00,1512882761505333251,ZelaRoseJohnson
32,1512902008407314436,@_edwardmondini_ @lefty_old @sydneyvduncan there is plenty of empiral data and studies that show that transitioning does alleviate depression and prevent suicide. Do not hide your bigotry behind science if you aren't even going to read what is available,0,1,2022-04-09 21:15:21+00:00,1144043267413151749,NickNackNyx
33,1512901957505089540,@sbeezer Jump through the hoops and if meds don't work look into TMS.  My wife did a series of TMS and the results have been amazing.  She the sweetest person I know and has struggled with depression her whole life.  TMS has seemed to make a huge difference in hers (and my life).,0,0,2022-04-09 21:15:09+00:00,73688862,kevintrue71
34,1512901924881932292,"The Worst Economic Depression Ever May Be Coming by Peter D Lee, CFA https://t.co/kuHqKbmtrG",0,1,2022-04-09 21:15:01+00:00,2209447604,roberto15157184
35,1512901903104950272,"@sbeezer I lost my best friend to cancer a year ago and have been struggling with depression, to be able to feel joy. I just started meditating regularly again and am already starting to feel better. I‚Äôm a firm believer in it to fight depression. Wish I had started again months ago",0,0,2022-04-09 21:14:56+00:00,785355361448398848,lisapinpdx
36,1512901874273247232,"@sbeezer Have you started any new medication? Singulair for one, often prescribed at this time of the year for seasonal allergy, has a black box warning, side effects depression, suicidal ideation, anxiety etc. I took for one week and felt just as you describe. Trashed the rest.",0,0,2022-04-09 21:14:49+00:00,1038530221,Stellaartois16
37,1512901868657078274,"@AWorldOutOfMind @ArizonaCrusader 100000% agree. Helps me in so many ways. Sleep, anxiety, depression, balance, etc.",0,0,2022-04-09 21:14:48+00:00,2790827095,itsgorain
38,1512901840492507143,collecting the tgcf books that i‚Äôll never read bc god idk if i can survive xie lians depression arc a third time,0,0,2022-04-09 21:14:41+00:00,1000002812087099394,vctmsoflove
39,1512901776009318415,"Shit how do I stop having a depressive episode or whatever cuz idk if I even got depression, anyways I just wanna go back to NOT being self aware I hate this",0,0,2022-04-09 21:14:26+00:00,1243628042540507137,LuisArt142
40,1512901761039745030,"In up to half of menstruating people w/ depression, symptoms worsen premenstrually, due to hormone changes. Mainstream psychiatry doesn't recognize this. It is critical to study effect of the menstrual/estrous cycle on the brain to understand increased female risk for depression! https://t.co/KmEqsSjF6q",0,0,2022-04-09 21:14:22+00:00,1124115190537183233,KundakovicLab
41,1512901741351690248,"‚Äî april 9 

the day was cloudy today, but i managed to get over depression and studied korean üå• https://t.co/fRORYGY2pn",0,0,2022-04-09 21:14:18+00:00,1382735743697620993,joe_studies
42,1512901712578809857,@AlemzadehC @CanteringClark This is how I think it ends minus ‚Äúdepression‚Äù. Just a massive recession and deflation which cuts markets by more than half. SPX from 5300 to 2400 as an example,0,0,2022-04-09 21:14:11+00:00,588006474,southbaytrading
43,1512901705377013764,"@sbeezer Are you peri menopausal as well? Go to your doctor and explain the symptoms you‚Äôre having. Menopause, like puberty, wreaks havoc with the hormonal balance and that can contribute to your depression. It may be that you need an antidepressant, which your doctor can also prescribe.",0,0,2022-04-09 21:14:09+00:00,997733420578099200,SlayLikeAGirl
44,1512901693918396425,"In spite of my depression/anxiety kicking my ass for the better part of the last month, today I managed to run an errand, clean the kitchen, vacuum, locate and place things in my storage locker and feed myself a bit when all I wanted to do was be a blanket burrito. https://t.co/pubEfm7WxO",0,0,2022-04-09 21:14:06+00:00,2291633977,manderbean12
45,1512901687681458192,actually tho I‚Äôve been binging like twice a week and drinking water whenever I get sad (which is a lot cause I have depression) and my skin is clear wtf,0,0,2022-04-09 21:14:05+00:00,1346967806336757760,greeneyedgala
46,1512901682061058064,Toto from Wizard of Oz made $125/week for the 22 weeks of filming. This was during the height of the depression. So $125 is a fortune,0,0,2022-04-09 21:14:04+00:00,1299145664845275137,EmperorJagade
47,1512901671688581128,i prefer my self destructive extra mood swings n being all extra excited &amp; extroverted over my severe depression untill i‚Äôm in the other state it‚Äôs just a constant ‚Äúi would rather be in this state‚Äù n feeling shitty n just self torture,0,0,2022-04-09 21:14:01+00:00,1191000720176287746,moonakcals
48,1512901647479017479,ive been to treatment. ive been to therapy. ive taken almost every med for depression. ive lost and gained weight. ive lived by an extreme schedule and ive lived without any schedule. ive done everything and there is no escape and there is no cure and it does not get better. lol,0,0,2022-04-09 21:13:55+00:00,1305991063530803201,omadloser
49,1512901633935650824,@ragnvindrfiles This mans needs u in his life bc ur so caring of others please please for the love of barbatodoes help this mans he is so depression and it‚Äôs saddening,0,1,2022-04-09 21:13:52+00:00,1183233860806610945,PurpPlantTM
50,1512901614008426506,You know the post show depression real when another night on mars makes you cry üò≠,0,1,2022-04-09 21:13:47+00:00,537708944,acidashley7
51,1512901608023244807,"@LadyForgetMeNot @iBaseball_1 @riptrap711 Everyone is damage but you don‚Äôt have to be in that mindset ü§∑üèæ‚Äç‚ôÇÔ∏è. Sheesh I see why anxiety &amp; depression is at its highest. Thinking like that will do. The world we live is terrible yes, but sometimes you have accepted it and move on.",0,0,2022-04-09 21:13:46+00:00,1356086953624670209,VladT3p3s
52,1512901588754436096,anxiety &amp; depression are such a fucking bitch bro,0,0,2022-04-09 21:13:41+00:00,799409268126466048,_barefootginger
53,1512901541233102861,@mintyyukime its the one number that always grows and elevuates depression tho. its a mental health stat ;w;,0,0,2022-04-09 21:13:30+00:00,1373169384965935109,amychanttv
54,1512901515664625666,"We're Here To Help! We are online therapy platform, which essentially connects certified psychologists and people suffering from mental health issues such as depression, stress and anxiety, among dozens of other clinically defined disorders. Book your appointment now: ... https://t.co/HMXKahe0aT",0,0,2022-04-09 21:13:24+00:00,2333502132,Core_IdealMe
55,1512901490234511365,I'm falling back into depression.. Falling very fast,0,0,2022-04-09 21:13:18+00:00,1511783264310239232,O_laide_
56,1512901467572785156,Not me making a golden x as it was mashup out of depression and @alwaysghits_ crying about it,0,1,2022-04-09 21:13:12+00:00,1330063205490700293,bIuetomIinson
57,1512901443707097089,"@cricketwings803 @ruinousHero @friend_divine @Mnemosyne1337 You and your ilk are quite literally advocating for genocide.

https://t.co/OoOwE3H5Xy",0,1,2022-04-09 21:13:07+00:00,1328542867502063620,frodis_
58,1512901428045819904,I  want to die. so I'll just end it . #depression @Imheret45140132,0,0,2022-04-09 21:13:03+00:00,1160016173305610240,Iamdepr47974144
59,1512901404532391942,Depression be having me doing some weird shit,0,0,2022-04-09 21:12:57+00:00,3297689432,teeahhrahh
60,1512901356658462722,@sbeezer Go to your GP or Family Doctor and ask for a Prozac prescription. Depression is a serious disorder that can readily claim your life. You must keep your mind thinking in a forward movement. Prozac is like putting snow tires on your car--you're not about to get stuck in a rut. Go!,0,0,2022-04-09 21:12:46+00:00,248706705,robertgleeman
61,1512901339772329989,@Fact anxiety and depression are simply states of mind,0,0,2022-04-09 21:12:42+00:00,1351455082798338048,DividendIncome_
62,1512901308868665351,"We're Here To Help! We are online therapy platform, which essentially connects certified psychologists and people suffering from mental health issues such as depression, stress and anxiety, among dozens of other clinically defined disorders. Book your appointment now: ... https://t.co/gcq1XKVCmo",0,0,2022-04-09 21:12:35+00:00,1358446706820603907,CoreCentreOn
63,1512901269010235394,@Airfun101 @jamesdifiore No he more for right wing pre Great Depression policies.,0,0,2022-04-09 21:12:25+00:00,1060528916,Kairos66
64,1512901247342366725,2meirl4meirl https://t.co/5K9YwB7ygo https://t.co/ObWh42lDsp,0,0,2022-04-09 21:12:20+00:00,1450037650178678786,_depression_bot
65,1512901245043830788,"@sbeezer You‚Äôre not alone. Take care of you. Talk to a doctor, walk, eat well, drink water. fuel your body as if you‚Äôre running a marathon. Simple things, but easy to forget when depression strikes. Hope you begin to feel well soon.üåª",0,0,2022-04-09 21:12:19+00:00,831720173014904832,llillew
66,1512901230640705547,Depression can hit you anytime and anywhere :/,0,0,2022-04-09 21:12:16+00:00,1335928442156625923,PINKANGLE04
67,1512901218326220801,@beldaruits I just know Anya will get me through any depression üò≠,0,0,2022-04-09 21:12:13+00:00,1307513408581967872,TheVanessalves
68,1512901191113531396,@LothWolffe im adopting this (bad bouts of depression = im just hibernating) lol üíú,0,0,2022-04-09 21:12:06+00:00,3304596009,cyber10mark
69,1512901159971094530,@convomf gave me depression,0,0,2022-04-09 21:11:59+00:00,1430440846420176898,gpernahbigwin
70,1512901132795883521,I get so high i could neva be in a depression,0,0,2022-04-09 21:11:53+00:00,2240302309,BankrollTavo
71,1512901072997609473,"@RobertDumaine 1/2 Having both a spouse and a child with clinical depression, families need to start talking openly about it. We've never hidden our issues and raised our child to be kind &amp; empathic above all. It's not an easy life by any means - for the sufferers or those who love them.",0,0,2022-04-09 21:11:38+00:00,1403318802,KerriJ79
72,1512901055566295041,depression feels like i just make up my own problems all the time,0,0,2022-04-09 21:11:34+00:00,1022762826874667013,mini_ongi
73,1512901005943644162,"Carl Jung lived #mentalillness - experienced #psychosis and #depression  - then went on a ""Hero's Journey"".

That's a fit for purpose approach #Psychiatry 

 #mentalhealth #mentalhealthawareness #mentalhealthmatters #mentalhealthadvocate #mentalwellness #mentalhealthsupport https://t.co/bYTT2qgGz6",1,1,2022-04-09 21:11:22+00:00,23418157,D_M_Clark_
74,1512900979187982340,"Okay depression phase over. We‚Äôre gonna smash these traitors in the next election. Jo bhi karlain, ALLAH dekh raha hai aur ALLAH sub sy bara hai. 2/3 majority ÿßŸÜÿ¥ÿßÿ°ÿßŸÑŸÑ€Å ‚úå
#ImranKhan
#BehindYouSkipperAlways
#ÿßŸÖŸæŸàÿ±Ÿπ⁄à_ÿ≠⁄©ŸàŸÖÿ™_ŸÜÿßŸÖŸÜÿ∏Ÿàÿ± 
#ÿßŸÖŸæŸàÿ±Ÿπ⁄à_⁄ØŸàÿ±ŸÖŸÜŸπ_ŸÜÿßŸÖŸÜÿ∏Ÿàÿ±",0,0,2022-04-09 21:11:16+00:00,836543462782746624,zunaira_najeeb
75,1512900891245879296,@sbeezer Do you know what trigered the depression there are many ways to treat it but knowing the cause helps too you could go for counseling there are also medications and holistic treatments I wound start with your doctor ok don't shut yourself in go see your doctor,0,0,2022-04-09 21:10:55+00:00,1504215089150267395,Treehugger1968d
76,1512900843254816770,"I am type of person that the smallest things makes me sad, you wouldn't understand, depression makes me Sleep! üòå",0,2,2022-04-09 21:10:44+00:00,434806930,th_saleem
77,1512900769640435713,"@drlucymcbride üëèüèºHERE'S WHY: B/c Big Pharma has sold us the idea that depression is biomedical, rather than biopsychosocial. It's a BIG LIE.
Health is ALWAYS *biopsychosocial.*üí•
We haven't ALL been ""mentally ill"" the past 2 years - context mattersüôèüèº 
Dug into this mess with @ZDoggMD recentlyüëáüèº https://t.co/wzd3bqZoPa",0,1,2022-04-09 21:10:26+00:00,1167153177818361856,DrZoffness
78,1512900750413860872,"‚ÄúInflation‚Äù is the price for having a thriving economy. During Trump‚Äôs depression, people were doing nothing so gas prices were low. Thanks to POTUS Biden and the Democrats, people are working, driving, and purchasing goods. Prices go up.‚Ä¶ The price of success. Thank God. Pray",0,0,2022-04-09 21:10:21+00:00,68311543,BesaneGosolar
79,1512900709427171331,"@leadlagreport The only deflation will be in extremely inflated asset prices. A demand shock will follow, as will a depression. Consumer prices will remain elevated or continue to rise with permanently damaged supply networks and global trading relationships.",0,0,2022-04-09 21:10:12+00:00,818903897095962625,sfilliotis
80,1512900651625422849,"It's not a nap. 

It's my depression turning itself off for a while.",0,0,2022-04-09 21:09:58+00:00,1027319636415655936,gingernamedwill
81,1512900650388049924,With all this depression I‚Äôm suppose to study??? How tf,0,8,2022-04-09 21:09:58+00:00,1470724238466236422,Asmakhan245
82,1512900649729462276,sir I have depression and now there‚Äôs an incentive‚Ä¶ we in this room for months no questions asked.. https://t.co/UxouZyOu64,0,0,2022-04-09 21:09:57+00:00,1234348772081070080,kylliewood
83,1512900644092399618,"@BioAndy1 @puddleduuck @fairplaywomen I don't but there's a lot more people who aren't trans in this world.

4 of my what is a small community is worrying. I too have been in hospital (a few times) &amp; sectioned for attempts.

Self harm, depression, suicidal ideation and attempts is a serious issue in trans community.",0,0,2022-04-09 21:09:56+00:00,909200196323684354,RachelT1722
84,1512900631127736320,"I may be making jokes on the situation but im genuinely sad and concerned as well, just tryna lighten the mood a lil and make someone smile maybe amid all this depression and bs",0,7,2022-04-09 21:09:53+00:00,1437171066984714247,lanewalaa
85,1512900596495372293,"üßµ4/5 If this person survives, I hope Twitter permabans them for life to show that the platform condemns them and their stunt, and that they will never reap rewards from Twitter for surviving.

https://t.co/DOwdEhPDrK",0,0,2022-04-09 21:09:45+00:00,1512131045633642503,OmniFactCheck
86,1512900591781138442,"bruh i used to walk around the local cemetery in my peak depression, what was wrong with me",0,0,2022-04-09 21:09:44+00:00,1424107285865975816,arunextdoor
87,1512900577298194438,But it do https://t.co/SExPMlFXbP https://t.co/SUP04kv7rS,0,0,2022-04-09 21:09:40+00:00,1450037650178678786,_depression_bot
88,1512900511346790400,"@sbeezer Please consider supplementing with lithium orotate. Before you consider any of the more dangerous prescription drugs for depression, and anxiety. All the people to whom I have recommended this, swear by it. This is the one I‚Äôve been taking for years.

https://t.co/GHUttdElOi https://t.co/E0dxd4ELnP",0,0,2022-04-09 21:09:24+00:00,1241816064029159424,delanithefirst
89,1512900471635132418,I hate it when people ask me how I lost so much weight. I just tell them I stopped drinking soda as much bc I don‚Äôt have the heart to tell them it was depression that did it for me,0,0,2022-04-09 21:09:15+00:00,1483485062112841728,grimlysun
90,1512900470175678467,"Incredibly sad and lonely...

Not a great time. Not a great life.

#depression #bipolar #loneliness 

Know when ive dropped beyond in the rabbit hole - food tastes wrong",0,1,2022-04-09 21:09:15+00:00,826008952248872961,Bibipolarpj1
91,1512900443483090948,my parents having cancer sounds a lot worse than my sister having depression idk why they put that in the same list https://t.co/FE9AhF1mdU,0,0,2022-04-09 21:09:08+00:00,1358852560942231558,DontOverthinklt
92,1512900360406454273,@mjoyce317 @GOPChairwoman @GOP Thank GOD past generations were made of more resilient stock or we never would've re overed from the Great Depression or WWll! So tired of whiners and bitch babies!,0,0,2022-04-09 21:08:48+00:00,1458801545315823623,ThirdCoast2020
93,1512900350386257922,@lastacctever Peak depression feeling I haven't even stepped in my room after,0,0,2022-04-09 21:08:46+00:00,757597416690294784,upawastaken
94,1512900333554610181,"i know my uhh depression (???) is getting worse but how do i fix it, i dont even have any desire to stay at home. but getting dressed and taking a shower has been so exhausting this past week",0,0,2022-04-09 21:08:42+00:00,1386623022984044546,ugw0kgs
95,1512900272045109250,I still don't know if I had or still have depression LMAO,0,0,2022-04-09 21:08:27+00:00,1510733070797844489,exposed_myself
96,1512900214587330563,Been in and out of it for the last two days now I‚Äôm getting in a depression state again‚Ä¶. What I do https://t.co/dMR0ucWpCj,0,0,2022-04-09 21:08:14+00:00,2788258486,tfparkers
97,1512900160283869186,Boukai cured my depression,0,0,2022-04-09 21:08:01+00:00,780009071847944192,romoe_bot
98,1512900135650566156,"@RoryPlays_ Heeeey Rory. Me and my friends would have you. I'm a queer parent with the triple threat of Depression, Anxiety, and ADHD. A lot of us are queer, disabled, autistic, etc. 

My mods @Roseweald_ and @Nyara87 can vouch for me.

I play a lot of Stardew and Animal Crossing. üíñ",0,0,2022-04-09 21:07:55+00:00,1062931900145250304,FaevanaTV
99,1512900123222843399,"#Psychedelic medication is mainly prescribe for the treatment of anxiety and panic disorders and for which either you can but Mushrooms or stay in thesame spot. 
It's also used for alcohol addiction, depression, anxiety, ptsd and all sort",0,0,2022-04-09 21:07:52+00:00,1511935975714340865,ThomasC67138344
100,1512900091501293577,"My @nzherald Q and A column this week‚Ä¶

Anger - not aggression - may be a sign of depression

https://t.co/BhYchxLQOn",0,0,2022-04-09 21:07:44+00:00,51581031,kylemacd
101,1512900076406022145,"no one is trading this piece of shit anyway, smart money is gone, its all in cash and safe investments, recession ready. everyones made their money and we are just hid trading $400 ranges grinding ourselves into depression",0,1,2022-04-09 21:07:41+00:00,1445161864447635456,CryptoCamber
102,1512900067396669445,@novapbs Mental Health is without depression,0,1,2022-04-09 21:07:39+00:00,1486482045962526720,amandaW97113986
103,1512900054788546561,"Y‚Äôall expecting the extremes with this man lol like he has done tons of songs about love, heartbreak, depression, etc in varies of his recent/past albums. Idk where y‚Äôall getting he needs to do rock, alternative, etc when those aren‚Äôt his areas nor interest lol",0,3,2022-04-09 21:07:36+00:00,969970555087736832,2expensive4you
104,1512900042134327308,"@cal_rus @N7Valentine91 @Matias_Redfield Unfortunately, that changes when in Vendetta where Leon is suffering from depression and Chris is acting uncharacteristically jerk towards Leon who is suffering from dilemma as he did while ago. I was expecting Chris to be at least understanding and comforting in that scene.",0,1,2022-04-09 21:07:33+00:00,494254406,TeemuPetteriVke
105,1512900023909969922,"‚ÄúStudents who were stopped also were more likely to report psychological distress, including anxiety, anger and depression.‚Äù https://t.co/V1YWHEDTMu",1,3,2022-04-09 21:07:28+00:00,703661143,HamasakiLaw
106,1512900017035620353,Sick Moon üåô won‚Äôt pick up my calls üò≠  Depression sucks üôÅ,0,0,2022-04-09 21:07:27+00:00,708083825289650176,tiffadelic
107,1512899980268240899,@bigbossboze I‚Äôve been struggling with depression and anxiety lately - will see if this helps as I realized I do keep my head down often. You the best Boze!! Cant wait for stream Monday!!,0,0,2022-04-09 21:07:18+00:00,42560510,AaronLyddon
108,1512899963226927104,depression playlist coming out at 4pm yep it‚Äôs not looking good for me today,0,1,2022-04-09 21:07:14+00:00,308850233,twinpeaksbaby
109,1512899842577768456,"Unless the US changes direction very fast, it will suffer another Great Depression, see its military Empire disappear, and possibly even break up into 100 warring statelets. I'm running against @RepAndyBarr (R-Ignorant, Savage Neocon). My website is https://t.co/TKTT5gIUR4 https://t.co/qd7PAhxEWQ",0,2,2022-04-09 21:06:45+00:00,949399485234450438,GeoffYoung4KY
110,1512899836990922755,"Miss you nug, wish you were here",0,0,2022-04-09 21:06:44+00:00,793491189051731968,og_depression
111,1512899829860605956,@sbeezer At my primary care doctor one day I finally said it all out loud. He explained the weight crushing down on my shoulders and chest was depression.  That all the things I was feeling aren't normal.  I'm on medication and therapy and doing better. Start with your doctor,0,0,2022-04-09 21:06:42+00:00,1407709560,BillyTwy
112,1512899794226003970,"@DominicNonso96 Thanks man

Plus no comeback O abeg
I fit enter depression",0,1,2022-04-09 21:06:33+00:00,1364310196026290176,fIoperez
113,1512899750755983362,@vaillancourt_dr I‚Äôd say that I hope that he (assume he) doesn‚Äôt see women with postpartum depression.,0,1,2022-04-09 21:06:23+00:00,2395436191,DrJeffTemple
114,1512899746184458242,"@RoryPlays_ Myself and @CM0N3Y89 are trying to make a safe place for all, I have adhd, depression, bipolar and anxiety and he has a few of those aswell, we have a combo discord where everyone is welcome",0,0,2022-04-09 21:06:22+00:00,1298841954902355969,trogan2000
115,1512899740584796160,"SUICIDE IS NOT AN OPTION

I write this article to encourage friends and family that are going through difficult trial or in depression. If you are facing any challenges in life, suicide is not an option to end it all. https://t.co/7hTkGbeWeQ",0,1,2022-04-09 21:06:21+00:00,1067807314772664321,AwoladeA
116,1512899709328896009,"@915angie this is absolutely insane, time to go i a  deep depression",0,0,2022-04-09 21:06:13+00:00,413131358,snzpn
117,1512899687036162052,"@LetsGoCNote I‚Äôm working on finding a way to better moderate, but it‚Äôs hard when I have depression and adhd making me crave dopamine hits so badly‚Ä¶.plus inferior Se doesn‚Äôt help when I‚Äôm really stressed üôÉ

It‚Äôs a work in progress",0,2,2022-04-09 21:06:08+00:00,3034977120,TheReelAnna
118,1512899677464711169,"I mopped the floors, took out all the trash, and watered my plants. So as far as my depression episode goes, it's not the worst.",0,1,2022-04-09 21:06:06+00:00,633121948,tihfuneezee
119,1512899650851774465,"He‚Äôs typically very happy-go-lucky, but will occasionally enter bouts of violent emotions or suicidal depression.
Eventually, his home shanty town is destroyed by raiders via the help of a traitor. The survivors all end up closer than ever before and some begin to peel away at‚Äî",0,0,2022-04-09 21:05:59+00:00,1507111331987537954,SiriusArtOk
120,1512899616563511304,"@FTChic_Moondrop NO, MY DEPRESSION CURER",0,0,2022-04-09 21:05:51+00:00,1441940358976323588,KindaKoi
121,1512899613581262849,@sbeezer Speak to your physician- it could also be menopause?  When hormones decline it can also cause depression! Hang in there!,0,0,2022-04-09 21:05:50+00:00,1263887324963889152,diane09016485
122,1512899516306964480,"Depression #Symptoms and Warning Signs: Recognizing #Depression and Getting the Help You Need https://t.co/RNBeF7zkNB
LIKE ‚ñ™Ô∏è SHARE ‚ñ™Ô∏è COMMENT",0,0,2022-04-09 21:05:27+00:00,1476742116,personalfitnes3
123,1512899488901439490,"Your healing crystal is: Sulphur Quartz  for: Eases anxiety, depression, balances hormones.",0,0,2022-04-09 21:05:21+00:00,2244916039,VITAB0T
124,1512899488238682118,"@AdamJonesMH Anxiety and depression over here üñê The road is hard, but it makes us stronger x",0,0,2022-04-09 21:05:20+00:00,1054133040354607104,WoollyNinja
125,1512899483083976709,@maria_centeno_ It all makes sense. I‚Äôve always wondered why it happens every time I‚Äôm deep in my depression and now I‚Äôm more depressed lmaoo,0,2,2022-04-09 21:05:19+00:00,1242629434798153731,That1teddygirl
126,1512899470358319105,depression hitting hard todaay,0,0,2022-04-09 21:05:16+00:00,1289317807146975232,Brad15616721
127,1512899460510240774,"Supper silver haze good strain to fight depression available on menu üî•üåø shipping to all states üíØ
#weed #weedsmokers #420life #floridaweed #420friendly #WeedLovers #CannabisCommunity #weedmap #mechinganweed #chicagoweed #NewYorkweed #Mmemberville #Texasweed #weedsociety #blunt https://t.co/F81pwrG850",0,0,2022-04-09 21:05:14+00:00,1395708950796980233,Thomas_Maurice4
128,1512899451483947013,Depression episode means I bake. https://t.co/fraxAOgBqV,0,4,2022-04-09 21:05:12+00:00,14958144,lyndseymarieee_
129,1512899443984527365,Depression ain't no joke,0,0,2022-04-09 21:05:10+00:00,221173433,fayzeeeg
130,1512899427635187715,@TripleH @StephMcMahon @VinceMcMahon @WWE . Please consider putting Marc Mero into the Hall of Fame. He's an incredible person who has helped so many kids overcome depression and thoughts of suicide. I'll even put him up for the Warrior Award. https://t.co/NqFAkROGiR,0,0,2022-04-09 21:05:06+00:00,987764872271278081,lance_laywell
131,1512899426020466696,@BiowareBestie at least with rdr2 i can do a slowburn with tlou2 it‚Äôs just constant fear and depression üò≠,0,1,2022-04-09 21:05:06+00:00,1485892034284199936,soIavellanhell
132,1512899416461647873,"Hey Al Levin, M.Ed. -- The Depression Files(@allevin18), thank you for following me",0,0,2022-04-09 21:05:03+00:00,32368635,KCTesterman
133,1512899406051299335,@ExaRocket yes. we have to save this world from depression,0,1,2022-04-09 21:05:01+00:00,1272644828220870662,_hann_n
134,1512899382764576772,"Particularly the parts of the brain that manage impulse control, decision making, impulsivity, addictive tendencies. Obviously chronic unabating stress from poverty will also cause increased depression &amp; anxiety which are both a form of brain &amp; nervous system damage essentially.",0,0,2022-04-09 21:04:55+00:00,493995155,SonjaConscious
135,1512899374241792005,@mursaki9 @sbeezer At 55 I‚Äôm post menopause and still have the depression symptoms. My TSH is through the roof but I manage my helplessness through diet and exercise too.,0,0,2022-04-09 21:04:53+00:00,1300986660344287232,cottonellequeen
136,1512899304280707077,"it‚Äôs so nice that kathy and i have slowly come out of our winter depression to be able maintain a clean home. therefore on deep clean day, i can scrub the washer, vacuum, and trash can üòà",0,0,2022-04-09 21:04:37+00:00,38103927,millertimesis
137,1512899234181390336,this really do be a whole different level of depression,0,1,2022-04-09 21:04:20+00:00,1169563063583936512,gonpachirro
138,1512899230154772481,"wytpipo, y‚Äôall okay?

If I was white I‚Äôd be so embarrass. 

I think my white guilt would be at max.

70 million voted for DFG.
Why/how voter suppression &amp; #kentajibrownjackson.

GOP‚Äôs racist policies &amp;  disrespects are blatant. 

https://t.co/MLC4txqWNO",0,0,2022-04-09 21:04:19+00:00,1385035081832706052,herb2341
139,1512899214434574336,"Okay depression phase over. We‚Äôre gonna smash these traitors in the next election. Jo bhi karlain, Allah dekh raha hai aur Allah bara hai. 2/3 majority IA.",4,15,2022-04-09 21:04:15+00:00,1030843527440334848,thearcherr_
140,1512899186756407300,"We're Here To Help! We are online therapy platform, which essentially connects certified psychologists and people suffering from mental health issues such as depression, stress and anxiety, among dozens of other clinically defined disorders. Book your appointment now: ... https://t.co/IZXPtJPPdr",0,0,2022-04-09 21:04:09+00:00,2333502132,Core_IdealMe
141,1512899171681898496,foxy helps cure Henry Stickmin's depression https://t.co/yUBbk3gEE8,0,0,2022-04-09 21:04:05+00:00,1501758506898116609,questionomatic
142,1512899171359297537,"My night was ruined.
A disaster. 
I am about to fall inti depression Im already distancing myself a lot before I get hurt more ans more.
Almost started crying in public today.",0,0,2022-04-09 21:04:05+00:00,1004146528448077824,1True9
143,1512899153478705157,@ErindMUFC2 Going to give the poor lad depression,0,1,2022-04-09 21:04:01+00:00,1343137041400410113,unitedbader
144,1512899146272981001,do people with nautical themed bedrooms have depression like anchors and sailboat decor and stuff I feel like I need that I just can't imagine sadness happening there,0,0,2022-04-09 21:03:59+00:00,3392269311,frogoggIes
145,1512899099481329669,just became the new face of depression https://t.co/JXIqBbn3eK,0,2,2022-04-09 21:03:48+00:00,1402236712839958528,Maziqueen666
146,1512899075938656262,Annnnnnd DEPRESSION.,0,1,2022-04-09 21:03:42+00:00,77896908,TheLadyFlash
147,1512899071077408782,"@Steph37022424 @amyalkon @LindaWilliamsMD @evolutionarypsy eventually, clinical depression, hastening of dementia too, I would guess. Longest whole period I myself was awake was 132 hours; ideation was not a problem for me, since it was acute pain keeping me awake. Almost died just of the pain, let alone its cause or the sleeplessness.",0,0,2022-04-09 21:03:41+00:00,125928028,Gurdur
148,1512899044766633990,"We're Here To Help! We are online therapy platform, which essentially connects certified psychologists and people suffering from mental health issues such as depression, stress and anxiety, among dozens of other clinically defined disorders. Book your appointment now: ... https://t.co/obpoGBldMh",0,0,2022-04-09 21:03:35+00:00,1358446706820603907,CoreCentreOn
149,1512899011228803072,@sbeezer Hard to admit depression. It‚Äôs not being sad with reason. It‚Äôs negative self talk that doesn‚Äôt ring true.,0,0,2022-04-09 21:03:27+00:00,2957748234,ldskburns
150,1512898897462669319,@DKoupf I think what you are experiencing is called existential depression with psychosis.,0,0,2022-04-09 21:03:00+00:00,438111405,world_on_a_wire
151,1512898882690297859,"the fnf community disappoints me greatly

if you hate on any other mod you get cancelled and called various slurs but if you hate dnb you are ""based"" and it is now cool to give a literal teenager depression and suicidal thoughts",0,1,2022-04-09 21:02:56+00:00,1429302920693092355,Stats451
152,1512898875962572807,"Today I learnt about support needs so welcome to another episode of:
Does Cen have ADHD, Autism or is it just depressed?

(I don't claim to be diagnosed as any of these bar depression btw sorry if I'm overstepping I'm just considering asking my doctor about it)",0,3,2022-04-09 21:02:54+00:00,1403855638850048002,DsmpUncensored
153,1512898875526627329,@FairlyAdept @JanetPageHill I'm having heart trouble and a host of other things because of my shit life. Medication has damaged my liver. Bad depression. Make the time you have left rockin.,0,1,2022-04-09 21:02:54+00:00,1422676773402206208,ChloeMarch10
154,1512898811659649024,"@tealeeaf @VladVexler Sometimes I think depression is a signal for your body to rest. I notice depression creep in if I've over-exerted myself and seems to slip away after a few quiet days. I wish I'd known this about myself earlier in my life, instead of pushing so hard.",0,0,2022-04-09 21:02:39+00:00,19792755,myrichlife
155,1512898770073182227,we love a dysfunctional family that damages your mental health and makes my anxiety and depression worse ü§ç,0,0,2022-04-09 21:02:29+00:00,1495931965991698432,sfacepresskim
156,1512898746480222209,"@BriannaWu I was 7 years old when I received FFVII for Christmas, it completely changed my entire life. For 20 years I was infatuated with Final Fantasy. When I played FFXIII it gave my increased feelings of depression and overall realization that Final Fantasy was for the most part dead.",0,0,2022-04-09 21:02:24+00:00,291934080,xPolyMorphic
157,1512898736707731456,@sbeezer I think this is part of the lovely chapter called menopause. I‚Äôm the same age as you and I‚Äôve suffered from depression since my 30‚Äôs BUT there‚Äôs a different element to it now. Check with your doctor but also a reputable naturalist dr. Hang in there. I know it sucks.,0,0,2022-04-09 21:02:21+00:00,91929422,MrsRider2017
158,1512898698170220549,@woodenguthrie @DougCollinsUX Nothing cures depression like bacon,0,0,2022-04-09 21:02:12+00:00,35871332,ClayNichols
159,1512898681774694402,@MrBeast Ummm I have depression I would be fine for a while. Then I can pay my debts and support myself with the money since I can't work due to a recent condition.,0,0,2022-04-09 21:02:08+00:00,1277773385381142533,tarotfaerose
160,1512898681233899520,"Coalition policies over 10 years have not grown the economy or improved wages.

According to economics Professor Ross Garnaut, ordinary Australians experienced a period of income stagnation¬†between 2013 and 2020¬†that was unprecedented since the Great Depression of the 1930s.",0,1,2022-04-09 21:02:08+00:00,1435483288945135617,William22602394
161,1512898673914806272,"@RoryPlays_ Yes :) as someone who is bisexual myself, diagnosed with adhd, anxiety, depression and cptsd myself, I‚Äôve created a community called happy hell. I couldn‚Äôt not write here - I feel like you‚Äôre calling me ü§£ non toxic aggressive positivity happiness hype love and equality + chaos‚ù§Ô∏è",0,1,2022-04-09 21:02:06+00:00,1248398903822569476,twoootles
162,1512898669334441994,"@MafiaReligious How many committed suicide coz of depression while putting on a good image?  Morals are like air in today's society.  There'll always be a tribe for all, stick to urs &amp; stop thinking about who the Treasures are rooting for.",0,0,2022-04-09 21:02:05+00:00,1202134614875287553,Favored68266644
163,1512898646542630921,"Find out how to Overcome Your Shyness using little-known Psychological tricks! Learn more: https://t.co/eYvY4TlLSc  

 #lonely #anxiety #mentalhealth #depression #mentalhealthawareness #selfcare #stress #wellness #Health  #Twitter https://t.co/UVZlelvreI",1,0,2022-04-09 21:02:00+00:00,1493273770848628736,Barrios4u
164,1512898634572083203,"I remember the day when you fell down from the container 2013 i was 13 year old cried my heart out seeing u injured badly
Was a night of depression i still remember when Nawaz shareef was giving his speech from his home 
@ImranKhanPTI",0,2,2022-04-09 21:01:57+00:00,1937227813,nooriikhan119
165,1512898631577202688,@sbeezer I am also 52. I have depression and anxiety. It‚Äôs really difficult when it first hits. Please go see your doctor and be honest with how your feeling. There is nothing wrong with being depressed. It happens to a ton of us. The medication really helps. My advice on the meds‚Ä¶,0,0,2022-04-09 21:01:56+00:00,1024939466,KerryGalcik
166,1512898588011298818,"suddenly, i feel that ""bargaining-depression"" phase again... and it hurt me a lot",0,0,2022-04-09 21:01:46+00:00,442776532,manusahalu
167,1512898585200836622,"@gjungeberg9 @tomek_krz @C_Kavanagh Idk I think there are other more important reasons to take what he says with a grain of salt. Depression doesn‚Äôt have to make you see things incorrectly, sometimes it can highlight sufferings in the world that are overlooked. But I generally get your point.",0,0,2022-04-09 21:01:45+00:00,1055632326221332480,zackkatty
168,1512898582545842176,@NoGankOmar I‚Äôm actually not but I guarantee a lot of the people that play/develop smite use drugs or take anti-anxiety/depression medication. Anyways make sure to go lift today. Don‚Äôt wanna end up like those people in life.,0,0,2022-04-09 21:01:45+00:00,2326147685,XileyQins
169,1512898490988388356,"HOLY HELL. TEXAS HAS HIT A NEW LOW! There is a 26yo woman in jail facing murder charges for a self-induced abortion. MAYBE we need to think about the self harm, helplessness, and depression she may be suffering and get her help before slapping on handcuffs. I'm  pretty amped 1/2",0,0,2022-04-09 21:01:23+00:00,218384513,liz_cpa
170,1512898489172127744,yes i love my little indie rpgs about depression https://t.co/QItCvLCTKy,0,0,2022-04-09 21:01:22+00:00,1496329020694151169,h20d0
171,1512898405747548160,I be joking about how severe my depression got over the last year but in all honesty I simply want to unalive myself,0,0,2022-04-09 21:01:02+00:00,1238387281892970496,FairyOfMiley
172,1512898384591568899,This app cures my depression somedays https://t.co/ydnHhj3pNg https://t.co/T3L7j3HJBk,0,1,2022-04-09 21:00:57+00:00,1327600284982517760,unsaid_dump
173,1512898381898784769,"Recent reviews of well-designed, randomized controlled trials comparing mindfulness  treatments... indicate that MBIs are effective in treating.../anxiety...depression... current depressive symptoms, Psychiatr Clin North Am. 2017 December ; 40(4): 739‚Äì749. doi:10.1016/j.psc.2017",0,0,2022-04-09 21:00:57+00:00,1589999041,drmhelguera
174,1512898348541480966,Like i love my friends and I'm really and truly happy for them and it feels like my depression evaporates while listening to them talking about what they're doing with their crushes but what the fuck is happening in this time of the year??? Is it spring's magic????,0,1,2022-04-09 21:00:49+00:00,1449419590149226507,lemmeburflower
175,1512898343889895426,This might actually give me depression,0,0,2022-04-09 21:00:48+00:00,170115416,JulianMeush
176,1512898253087547393,"@prettyflowerrss ‚ù§Ô∏è‚ù§Ô∏è‚ù§Ô∏è thanks for letting us know it‚Äôs okay NOT to be happy happy happy every moment. Depression here, too.",0,0,2022-04-09 21:00:26+00:00,112557979,FinleyOfTulsa
177,1512898248620449792,"i think i focus on film because the medium is a momentary distraction from the harsh realities of the world. while watching a movie may distract you from depression for a few hours, consistently making films will distract you for far longer.",0,0,2022-04-09 21:00:25+00:00,1149735412866228225,nikomakesmovies
178,1512898227149942790,#DYK feeling strong emotions changes your breathing &amp; can trigger wheezing or asthma symptoms. Practicing mindfulness may help. https://t.co/JOpfEBLCHZ https://t.co/7vdFu8ORn6,0,0,2022-04-09 21:00:20+00:00,1093058394,publichealthOC
179,1512898202114031617,"@PuppetPina üéµ You've got depression, don't you üéµ https://t.co/tvb0jdJyFK",0,1,2022-04-09 21:00:14+00:00,985825085440184320,TheFreshKnight1
180,1512898182258307073,"We're Here To Help! We are online therapy platform, which essentially connects certified psychologists and people suffering from mental health issues such as depression, stress and anxiety, among dozens of other clinically defined disorders. Book your appointment now: ... https://t.co/bIPsJ1OQKi",0,0,2022-04-09 21:00:09+00:00,2333502132,Core_IdealMe
181,1512898174674952197,My depression had been so bad recently. That whenever I get compliments that I tend not to respond then me because my brain makes me feel like people are being nice to pity me,0,1,2022-04-09 21:00:07+00:00,4862297861,chargerupgaming
182,1512898159009226755,"Isn't this an effective way to improve concentration?
See for yourself

Click for more https://t.co/AkRlPPaRcT

insighttimer

#anxiety #nervousness #superstition #help #depression #relief #loneliness #adhd #ibs #fear #nerves #ptsd #suicide https://t.co/ptJi7eFs5q",0,0,2022-04-09 21:00:04+00:00,14179890,brookspeter
183,1512898145323130881,"When we're down the rabbit hole of depression or a trauma reaction, what we say to ourselves, about ourselves, REALLY matters. 

Emotional pain can trick us into fueling it by talking to ourselves in the voices of our old abusers &amp; bullies-- often without realizing it. 

Breathe.",7,35,2022-04-09 21:00:00+00:00,854484575724212224,DrDoyleSays
184,1512898133008818186,"#3 as a depression sufferer, I've cried myself to sleep many a time.",0,0,2022-04-09 20:59:57+00:00,906867539761930240,Conor9292
185,1512898124984975361,"2/ Some back story on me, I‚Äôve suffered from depression through out high school and into my adult life. I know that‚Äôs been a constant stressful battle not only for me, but for millions of people. Please understand you‚Äôre not alone.",0,1,2022-04-09 20:59:55+00:00,1324781103140401152,OneMustardGrain
186,1512898108644024326,"@TheHeartMatrix @JoyAnnReid Wytpipo are not okay. They are suffering and lashing out. Depression is rampant. 

Anxiety kills. 

https://t.co/MLC4txqWNO",0,0,2022-04-09 20:59:52+00:00,1385035081832706052,herb2341
187,1512898070014537730,"Care responsibilities during the pandemic &amp; long before pushed millions of women out of the workforce over the last year. In the first year of the pandemic alone, 5.4 million women lost their jobs in the worst economic crisis since the Great Depression. https://t.co/ZczvxSyQy9",1,2,2022-04-09 20:59:42+00:00,323392744,CaringAcrossGen
188,1512898057620185088,"Seeing youthias crying on tl is therapy. It is exactly the reason why i am on twitter. Its my drug. Seeing them cry purifies soul, it eases up hardships, releases depression and makes you forget all the miseries of life. I cant thank God enough for making me see them crying‚ù§Ô∏è",1,2,2022-04-09 20:59:39+00:00,1183776228773453831,____Handle_____
189,1512898054470443019,"We're Here To Help! We are online therapy platform, which essentially connects certified psychologists and people suffering from mental health issues such as depression, stress and anxiety, among dozens of other clinically defined disorders. Book your appointment now: ... https://t.co/dBYuotJnQW",0,0,2022-04-09 20:59:39+00:00,1358446706820603907,CoreCentreOn
190,1512898032433520648,"@zerowondering Depression or not, if you have a healthy routine, it won't be a problem anymore. Regular 3 meals a day, 1 hour exercise, and 8 hours of work.

Easier said than done, right?
You can also go to therapy or your family doctor for recommendations. I can also help. Just DM me.",0,0,2022-04-09 20:59:33+00:00,154601734,DTeaBee
191,1512898020576305158,"@sbeezer Can you get checked out by a dr? Have you been in or started menopause? Hormone imbalances can cause depression. So can a lack of vitaminD.
Highly recommend a dr. visit if you can. 
If not, try some multi vites and a menopause supplement. I had good luck with amberen.",0,0,2022-04-09 20:59:31+00:00,1386841420997308422,ThePinkFeralGnu
192,1512897985654378498,"@Comply2Resist It exists alongside two other (false) planks of Democrat mythology: ""The New Deal ended the Great Depression"" and ""The two parties switched places on civil rights"".

https://t.co/8BoEVvW562",0,1,2022-04-09 20:59:22+00:00,1431902996393123849,realEssYoo
193,1512897970215215115,"It is the start of real depression for Pakistan!
#Whataman
#ImranKhan 
#NoConfidenceMotion 
#Bajwa",0,0,2022-04-09 20:59:19+00:00,1190840824453578758,MaryamAshfaq20
194,1512897932621598720,"Hoping that if I give into my feelings of extreme depression and just sleep the entire weekend, I‚Äôll feel more equipped to fight them during the week. 

#MentalHealthMatters",0,1,2022-04-09 20:59:10+00:00,704076328220254208,HLNCampbell
195,1512897900929499144,"The field work mindset (go go go!) is triggering my eating disorder, and poor nutrition is letting depression &amp; anxiety take hold. I love the work and being in the field, but it's consuming me. I don't feel good. 2/4",0,0,2022-04-09 20:59:02+00:00,1243918009464434688,KelsSchoenemann
196,1512897880465498113,"At that point of depression where I'm incessantly posting on social media, just to feel something, but also can't bring myself to reply to anyone's messages, so I just look like a massive dickhead. Soz guys xoxox",0,0,2022-04-09 20:58:57+00:00,239505053,LilGingerMess
197,1512897869732364297,Filed my taxes and now I need a depression nap,0,1,2022-04-09 20:58:55+00:00,2328401,jensized
198,1512897861926719495,@paradigse Mental dysfunction is though. Depression is one side.,0,0,2022-04-09 20:58:53+00:00,577652127,OluwaSoLove
199,1512897853739335681,@sims4kiwi I know. Depression is a serious condition and there is a lot of unnecessary stress in life right now to add to it. Hang in there. Seek help if you need to.,0,1,2022-04-09 20:58:51+00:00,1283666005194010624,FactSnoop
200,1512897819706892295,2meirl4meirl https://t.co/xnayHfSBGN https://t.co/AVMUcDGOHl,0,0,2022-04-09 20:58:43+00:00,1450037650178678786,_depression_bot
201,1512897808164167681,@sbeezer @mdnij34 That is depression chief. Find something you enjoy to distract yourself for awhile,0,0,2022-04-09 20:58:40+00:00,716793588072497155,Twosidedhostile
202,1512897803483234308,anxiety and depression sucks,0,2,2022-04-09 20:58:39+00:00,3234875305,thirstdaysxo
203,1512897802103185410,"Win: I only slept for an hour and a half last night, which wasn't long enough to dream or have nightmares, apparently.

L: I took a depression nap for the same amount of time and had ALL of the nightmares.",0,0,2022-04-09 20:58:38+00:00,88565180,Ova_Dia
204,1512897797154123783,nothing like work to make post concert depression hit even harder,0,0,2022-04-09 20:58:37+00:00,1436443477273976846,xemptypleasurex
205,1512897794041790464,"I never took life seriously bc I never looked fwd to living more. I am 100% in love w my life now &amp;have been only thinking about my future. How everyone who is here will play a part later on. I see my future now(depression doesn‚Äôt go away, but I‚Äôve found ways to make it easier)",0,0,2022-04-09 20:58:37+00:00,54693968,_supbabyj
206,1512897731332763650,@starsbian im literally listening to songs about my depression rn omg shoo??? not now sleep is for the weak,0,1,2022-04-09 20:58:22+00:00,1387317803347111938,rivensdaydream
207,1512897730846281734,@sbeezer I started suffering from depression around 52 or 53 as well. See your Dr. &amp; get on an anti depressant. It may take trying a few different ones to find the one that works for you. I was on mine for a few years &amp; now no longer need it.,0,0,2022-04-09 20:58:21+00:00,4426385054,amycallen_aa
208,1512897583064227841,@sbeezer I have panic attacks and severe anxiety and depression. Sounds like you are having some kind of crisis maybe just too much stress in a short period of time but I would talk to a doctor now Definitely call your family so you have support. The world is so crazy lately #MentalHealth,0,1,2022-04-09 20:57:46+00:00,3165200622,TimmyHogan1
209,1512897578110963712,@sbeezer Please don‚Äôt self diagnose. Go &amp; see your doctor. Depression is nasty if not treated. Prepare to be patient (no pun intended) as you didn‚Äôt get to be unwell overnight &amp; recovery is not going to happen overnight either. Take care ‚Ä¶ ü§ó,0,0,2022-04-09 20:57:45+00:00,1268470508225363969,jimmysnan1
210,1512897575380267008,past concert depression already started https://t.co/Zd4EaQ0Zns,0,9,2022-04-09 20:57:44+00:00,875626724,myloverlouis
211,1512897564793659392,"@sbeezer How you feel is how exactly how depression feels. 5 common signs also include persistent low mood, lost interest in things we used to love. ... Feelings of worthlessness. ... Poor concentration. ... Thoughts of harming yourself. Here's more... https://t.co/IdbrhZ3NVK",0,0,2022-04-09 20:57:42+00:00,580046426,JosephScientist
212,1512897529356115973,Nvm depression hit,0,1,2022-04-09 20:57:33+00:00,1021228423,jaibeans
213,1512897525996470279,"A very bad #neurodivergent day for me. #ADHD #Depression #Anxiety #mentalillness
#brainhealth https://t.co/huppGQts1F",0,0,2022-04-09 20:57:33+00:00,32913110,iDeeSalazar
214,1512897520371961867,The depression is soul-crushing today lads,0,1,2022-04-09 20:57:31+00:00,51734354,AWarmPepsi
215,1512897503112409094,"@doc_bipolar I've accepted that PTSD will be part of me forever. Alas, my acceptance pushed me into depression. It's hard to accept what has been done to you, it's easier to hate than see yourself as ""stronger"" - could've done without it.",0,1,2022-04-09 20:57:27+00:00,921467521806602240,MunchkinDr
216,1512897499715018756,depression sleep is so exhausting,0,0,2022-04-09 20:57:26+00:00,1376599854118359040,daddylingg
217,1512897490848210948,"‚ÄúI should try to go out to (thing) and be social and get some fresh air‚Äù
-Stays in bed with depression till 4pm instead-",0,1,2022-04-09 20:57:24+00:00,18236788,notcanti
218,1512897481528459269,Fighting depression and being broke at the same time. I dont remember the last time i have had peace of mind in this life. Sometimes you would think of going back to the creator.,0,0,2022-04-09 20:57:22+00:00,882164665702379520,GweruPrince
219,1512897476453412879,Girl this song gave me depression https://t.co/MtaD0uf9TH,0,1,2022-04-09 20:57:21+00:00,1023251652768358400,koennethldr
220,1512897455343480832,@Camila_Cabello Anxiety and depression is real. It doesn‚Äôt matter how much money you make or how famous you are. Thank you for speaking out. You are a hero to me! I love you so much!,0,0,2022-04-09 20:57:16+00:00,1443667891241504768,FLAerosmithfan
221,1512897425995874318,@bakkheias A depression on your way,0,0,2022-04-09 20:57:09+00:00,1291321258844577792,witcherself
222,1512897415447261195,sup seasonal depression https://t.co/wigUvj6aVK,0,2,2022-04-09 20:57:06+00:00,23813578,kgregstar
223,1512897409038405641,Time for sleep before depression day tomorrow.,0,0,2022-04-09 20:57:05+00:00,3679560855,MxGill_
224,1512897370786353174,"Depression is having food in front of you, but not wanting to eat it üòî",0,0,2022-04-09 20:56:56+00:00,470295706,Will_Snatch_You
225,1512897367086821376,"Once a man was asked: ""What did you gain by regularly praying to Allah?""
He replied: ""Nothing but let me tell you what I lost: anger, ego, greed, depression, insecurity and fear of death.""
Sometimes the answer to our prayers is not gaining but losing which ultimately is the gain.",0,2,2022-04-09 20:56:55+00:00,1115368822700236802,DamnLawyer_
226,1512897361722236929,Not this boy at working saying everyone has depression üò≠ some of y‚Äôall need to get off the internet and see a real doctor,0,0,2022-04-09 20:56:53+00:00,981993499418492928,babygirlhotdog
227,1512897335465963521,(depression post),0,0,2022-04-09 20:56:47+00:00,995808633056309248,micaiahswifebot
228,1512897325659668483,@dogtorwho Ocd anxiety depression dissociation type 1 &amp; 3 type a personality disorder,0,1,2022-04-09 20:56:45+00:00,3364937179,sexlless
229,1512897274715770887,"@EdwardKyuli it's fucked up,youths are slowly dying of depressionüòë",0,1,2022-04-09 20:56:33+00:00,1499819712661925889,ErickRadidi
230,1512897214028394497,oh wait depression back,0,0,2022-04-09 20:56:18+00:00,1306054682029240321,Simmy16242170
231,1512897186278875141,"Hey, y'all. I'm going to cancel all streams for the foreseeable future. Not in a good place mentally and I just want to disappear. Depression sucks and it's definitely winning. I'm going to uninstall twitter for the time being.",0,1,2022-04-09 20:56:12+00:00,1116753496815095808,BroniniTTV
232,1512897153592664070,"things that cured my 13 years of unaddressed depression :

1. Maria‚Äôs daughter‚Äôs dinosaur toy",0,0,2022-04-09 20:56:04+00:00,1360318642186035209,annaxbellers
233,1512897134533750790,Seasonal depression &gt; seasonal allergies,0,0,2022-04-09 20:55:59+00:00,388610134,A_Star_Official
234,1512897102774673412,"i don't need sex, depression fucks me everyday",0,0,2022-04-09 20:55:52+00:00,1200205883281526784,ingitsurya
235,1512897048630247426,#BREAKING Tropical Depression #THREE formed earlier today. Storms15HQ is predicting possible tropical storm at the 11PM advisory. From STORMS15. https://t.co/tQ2YuomxvZ,0,0,2022-04-09 20:55:39+00:00,1331442152212230145,Storms15HQ
236,1512896974298796039,how tf does one manage uni with depression? i cannot focus on anything im reading and my concentration during lectures is basically non existent,0,4,2022-04-09 20:55:21+00:00,1461862326873862155,papersuzuya
237,1512896973380231175,@aardvarkwizard somehow feels like this when people joke about depression or say  they have been depressed when their plans got canceled or whatever light bs happened to them. meanwhile me feeling like utter trash for months. id rather just say i felt down summer '19 - winter '21,0,0,2022-04-09 20:55:21+00:00,2742779194,snoppskater
238,1512896947191009283,@TrollFootball He really tryna force that kid into depression. Why Oldtraford fgs! üò≠,0,1,2022-04-09 20:55:15+00:00,1363139718909747200,lfc_gangsta
239,1512896937783177219,Depression LIES. üò§,0,1,2022-04-09 20:55:12+00:00,2600775714,1dTen
240,1512896937267138560,"@prettyflowerrss I am pretty secure in myself, and I remember all my bouts of Depression and depression like I remember all the food my mom used to make me.",0,1,2022-04-09 20:55:12+00:00,393182663,Stevoi86
241,1512896929621065742,"@frostace3 His calm head is his maturity &amp; even more his severe depression. If he could really control that rage, it wouldn't have overpowered all his values &amp; priorities, everything &amp; everyone he cared about, &amp;even his fundamental conscience &amp; morality, &amp;he wouldn't have done the rumbling.",0,0,2022-04-09 20:55:10+00:00,1390327882438807553,refindreasoning
242,1512896912927559681,I might try to start drawing again once I get the energy to. Depression has been really holding me down lately.,0,0,2022-04-09 20:55:06+00:00,1496027404476760066,Audi892
243,1512896900206313477,#NowPlaying ‚Äúsummer depression‚Äù by girl in red on #Anghami https://t.co/v0vz7zda5j,0,0,2022-04-09 20:55:03+00:00,911003611496370179,salmaelmilegy
244,1512896895223533571,post dolly depression https://t.co/7BQyPOngJR,0,1,2022-04-09 20:55:02+00:00,731521711674294272,kunznapper
245,1512896876668141568,"I am at the point in my life where my doctor asked if I am having problems with my weight, anxiety, depression... or anything unhealthy... and I'll just laugh as an answer.",0,0,2022-04-09 20:54:58+00:00,218762112,enzomondejar
246,1512896831906541568,@chandanishere Its called depression,0,1,2022-04-09 20:54:47+00:00,1351647505390432264,Happy2BAlive_
247,1512896829934997512,"Someone mentioned my absences in my TAB, and how it affected my team  which was hilarious because in that very month I wasn‚Äôt around because depression was really kicking my ass",0,1,2022-04-09 20:54:47+00:00,2160917199,astuntaday
248,1512896829700165632,"@SuckerCarlson ""Early Depression""",0,0,2022-04-09 20:54:47+00:00,3001311567,Judithhauver
249,1512896818106961920,"Why does it scare transphobes if someone buys estrogen? There's a war ravaging Yemen &amp; Libya, hemorrhaging famine, deepening drought, depression en masse, but your concern is someone's legal right to identify &amp; medicate accordingly. It's stunning how screwed we are as a species.",0,1,2022-04-09 20:54:44+00:00,2304111487,A_Daneshzadeh
